Keyword,Volumen,Dificultad,Prioridad,Categoría
dolar hoy,Alto,Alta,⭐⭐⭐⭐⭐,Dólar
dolar blue hoy,Alto,Alta,⭐⭐⭐⭐⭐,Dólar
dolar oficial,Medio,Media,⭐⭐⭐⭐,Dólar
dolar tarjeta,Alto,Alta,⭐⭐⭐⭐⭐,Dólar
dolar MEP,Alto,Alta,⭐⭐⭐⭐⭐,Dólar
dolar CCL,Alto,Alta,⭐⭐⭐⭐⭐,Dólar
dolar turista,Medio,Media,⭐⭐⭐⭐,Dólar
cotizacion dolar hoy,Alto,Alta,⭐⭐⭐⭐⭐,Dólar
precio dolar blue,Alto,Alta,⭐⭐⭐⭐⭐,Dólar
comprar dolar blue,Medio,Media,⭐⭐⭐⭐,Dólar
bitcoin hoy,Alto,Alta,⭐⭐⭐⭐⭐,Cripto
precio bitcoin hoy,Alto,Alta,⭐⭐⭐⭐⭐,Cripto
bitcoin a pesos argentinos,Medio,Media,⭐⭐⭐⭐,Cripto
comprar bitcoin argentina,Medio,Media,⭐⭐⭐⭐,Cripto
vender bitcoin argentina,Medio,Media,⭐⭐⭐⭐,Cripto
binance argentina,Alto,Alta,⭐⭐⭐⭐⭐,Cripto
wallet bitcoin argentina,Medio,Media,⭐⭐⭐⭐,Cripto
staking bitcoin,Medio,Baja,⭐⭐⭐,Cripto
mineria bitcoin,Bajo,Alta,⭐⭐,Cripto
ethereum hoy,Alto,Alta,⭐⭐⭐⭐⭐,Cripto
usdt hoy,Medio,Media,⭐⭐⭐⭐,Cripto
plazo fijo,Alto,Baja,⭐⭐⭐⭐⭐,Finanzas
plazo fijo hoy,Alto,Baja,⭐⭐⭐⭐⭐,Finanzas
plazo fijo UVA,Alto,Media,⭐⭐⭐⭐⭐,Finanzas
plazo fijo tradicional,Alto,Baja,⭐⭐⭐⭐⭐,Finanzas
mejor plazo fijo,Medio,Media,⭐⭐⭐⭐,Finanzas
tasa plazo fijo,Medio,Media,⭐⭐⭐⭐,Finanzas
calculadora plazo fijo,Medio,Baja,⭐⭐⭐⭐,Finanzas
interes compuesto,Alto,Baja,⭐⭐⭐⭐⭐,Finanzas
calculadora interes compuesto,Medio,Baja,⭐⭐⭐⭐,Finanzas
inflacion argentina hoy,Alto,Baja,⭐⭐⭐⭐⭐,Economía
inflacion mensual argentina,Alto,Baja,⭐⭐⭐⭐⭐,Economía
indice inflacion argentina,Medio,Media,⭐⭐⭐⭐,Economía
cedears,Medio,Media,⭐⭐⭐⭐,Bolsa
que son cedears,Medio,Baja,⭐⭐⭐⭐,Bolsa
comprar cedears,Medio,Media,⭐⭐⭐⭐,Bolsa
mejores cedears,Medio,Media,⭐⭐⭐⭐,Bolsa
cedears dolarizados,Medio,Media,⭐⭐⭐⭐,Bolsa
acciones argentina,Medio,Alta,⭐⭐⭐,Bolsa
merval hoy,Medio,Media,⭐⭐⭐⭐,Bolsa
invertir en bolsa argentina,Medio,Media,⭐⭐⭐⭐,Bolsa
ETF argentina,Medio,Media,⭐⭐⭐⭐,Bolsa
dividendos acciones,Medio,Baja,⭐⭐⭐⭐,Bolsa
calculadora dividendos,Bajo,Baja,⭐⭐⭐,Bolsa
CAGR calculadora,Bajo,Baja,⭐⭐⭐,Finanzas
valor futuro,Medio,Baja,⭐⭐⭐,Finanzas
valor presente,Medio,Baja,⭐⭐⭐,Finanzas
rentabilidad inversion,Medio,Baja,⭐⭐⭐⭐,Finanzas
riesgo beneficio,Medio,Baja,⭐⭐⭐,Finanzas
ahorro mensual,Medio,Baja,⭐⭐⭐⭐,Finanzas
calculadora ahorro,Bajo,Baja,⭐⭐⭐,Finanzas
como ahorrar dinero,Alto,Baja,⭐⭐⭐⭐⭐,Finanzas
presupuesto mensual,Alto,Baja,⭐⭐⭐⭐⭐,Finanzas
eliminar deudas,Alto,Baja,⭐⭐⭐⭐⭐,Finanzas
deuda tarjeta credito,Alto,Baja,⭐⭐⭐⭐⭐,Finanzas
tasa interes tarjeta,Medio,Media,⭐⭐⭐⭐,Finanzas
comision binance,Medio,Media,⭐⭐⭐⭐,Cripto
fee binance argentina,Medio,Media,⭐⭐⭐⭐,Cripto
retirar dinero binance,Medio,Media,⭐⭐⭐⭐,Cripto
verificar cuenta binance,Medio,Baja,⭐⭐⭐,Cripto
binance p2p argentina,Medio,Media,⭐⭐⭐⭐,Cripto
criptomonedas para invertir,Medio,Media,⭐⭐⭐⭐,Cripto
mejores criptomonedas 2026,Medio,Alta,⭐⭐⭐,Cripto
altcoins prometedoras,Bajo,Alta,⭐⭐,Cripto
defi argentina,Bajo,Alta,⭐⭐,Cripto
yield farming,Bajo,Alta,⭐⭐,Cripto
liquidity mining,Bajo,Alta,⭐⭐,Cripto
conversor bitcoin a pesos,Medio,Baja,⭐⭐⭐⭐,Cripto
conversor ethereum a pesos,Medio,Baja,⭐⭐⭐⭐,Cripto
calculadora cripto,Bajo,Baja,⭐⭐⭐,Cripto
ganancia bitcoin,Medio,Baja,⭐⭐⭐⭐,Cripto
ROI cripto,Medio,Baja,⭐⭐⭐,Cripto
halving bitcoin,Medio,Media,⭐⭐⭐⭐,Cripto
cuando es el halving,Medio,Media,⭐⭐⭐⭐,Cripto
efecto halving bitcoin,Medio,Baja,⭐⭐⭐,Cripto
impuesto a las ganancias cripto,Medio,Media,⭐⭐⭐⭐,Cripto
declarar cripto afip,Medio,Media,⭐⭐⭐⭐,Cripto
legalidad cripto argentina,Medio,Media,⭐⭐⭐⭐,Cripto
billetera crypto argentina,Medio,Media,⭐⭐⭐⭐,Cripto
mejor wallet crypto,Medio,Media,⭐⭐⭐⭐,Cripto
cold wallet argentina,Bajo,Baja,⭐⭐⭐,Cripto
ledger argentina,Bajo,Baja,⭐⭐⭐,Cripto
trezor argentina,Bajo,Baja,⭐⭐⭐,Cripto
dolar ahorro,Medio,Media,⭐⭐⭐⭐,Dólar
comprar dolar ahorro,Medio,Media,⭐⭐⭐⭐,Dólar
limite compra dolar 200,Medio,Media,⭐⭐⭐⭐,Dólar
cupo dolar tarjeta,Medio,Media,⭐⭐⭐⭐,Dólar
dolar solidario,Medio,Media,⭐⭐⭐⭐,Dólar
impuesto pais 30,Medio,Media,⭐⭐⭐⭐,Dólar
impuesto ganancias 35,Medio,Media,⭐⭐⭐⭐,Dólar
calculadora dolar tarjeta,Medio,Baja,⭐⭐⭐⭐,Dólar
calculadora dolar MEP,Medio,Baja,⭐⭐⭐⭐,Dólar
calculadora dolar blue,Medio,Baja,⭐⭐⭐⭐,Dólar
dolar informal,Medio,Media,⭐⭐⭐⭐,Dólar
brecha cambiaria,Medio,Media,⭐⭐⭐⭐,Dólar
tipo de cambio hoy,Alto,Alta,⭐⭐⭐⭐⭐,Dólar
euro hoy,Medio,Media,⭐⭐⭐⭐,Divisas
real hoy,Bajo,Baja,⭐⭐⭐,Divisas
conversor divisas,Medio,Baja,⭐⭐⭐⭐,Divisas
calculadora divisas,Bajo,Baja,⭐⭐⭐,Divisas
inversion segura argentina,Alto,Baja,⭐⭐⭐⭐⭐,Finanzas
donde invertir 2026,Alto,Media,⭐⭐⭐⭐⭐,Finanzas
inversiones para principiantes,Alto,Baja,⭐⭐⭐⭐⭐,Finanzas
portafolio inversion,Medio,Media,⭐⭐⭐⭐,Finanzas
diversificar inversiones,Medio,Baja,⭐⭐⭐⭐,Finanzas
perfil inversor,Medio,Baja,⭐⭐⭐,Finanzas
test perfil inversor,Bajo,Baja,⭐⭐⭐,Finanzas
tolerancia riesgo,Medio,Baja,⭐⭐⭐,Finanzas
bonos argentina,Medio,Alta,⭐⭐⭐,Bolsa
bonos soberanos,Medio,Alta,⭐⭐⭐,Bolsa
letras argentina,Medio,Media,⭐⭐⭐,Bolsa
fci argentina,Medio,Media,⭐⭐⭐⭐,Finanzas
mejores fci 2026,Medio,Media,⭐⭐⭐⭐,Finanzas
fci renta fija,Medio,Media,⭐⭐⭐⭐,Finanzas
fci acciones,Medio,Media,⭐⭐⭐⭐,Finanzas
calculadora fci,Bajo,Baja,⭐⭐⭐,Finanzas
educacion financiera,Alto,Baja,⭐⭐⭐⭐⭐,Educación
aprender finanzas,Alto,Baja,⭐⭐⭐⭐⭐,Educación
libros finanzas personales,Medio,Baja,⭐⭐⭐⭐,Educación
curso finanzas online,Medio,Media,⭐⭐⭐⭐,Educación
como invertir sin dinero,Medio,Baja,⭐⭐⭐⭐,Educación
mentalidad financiera,Medio,Baja,⭐⭐⭐⭐,Educación
habitos financieros,Medio,Baja,⭐⭐⭐⭐,Educación
errores financieros comunes,Medio,Baja,⭐⭐⭐⭐,Educación
psicologia del dinero,Medio,Baja,⭐⭐⭐⭐,Educación
independencia financiera,Medio,Media,⭐⭐⭐⭐,Educación
fuego financiero,Medio,Media,⭐⭐⭐,Educación
regla 50 30 20,Medio,Baja,⭐⭐⭐⭐,Finanzas
regla 72,Medio,Baja,⭐⭐⭐,Finanzas
calculadora regla 72,Bajo,Baja,⭐⭐⭐,Finanzas
inflacion calculadora,Medio,Baja,⭐⭐⭐⭐,Economía
perdida poder adquisitivo,Medio,Baja,⭐⭐⭐⭐,Economía
indice precios consumidor,Medio,Media,⭐⭐⭐⭐,Economía
canasta basica argentina,Medio,Media,⭐⭐⭐⭐,Economía
salario minimo 2026,Medio,Media,⭐⭐⭐,Economía
aumento sueldo 2026,Medio,Media,⭐⭐⭐,Economía
paritaria 2026,Medio,Media,⭐⭐⭐,Economía
BCRA reservas,Medio,Media,⭐⭐⭐,Economía
tasa politica BCRA,Medio,Media,⭐⭐⭐,Economía
dolarizacion argentina,Medio,Media,⭐⭐⭐,Economía
riesgo pais argentina,Medio,Media,⭐⭐⭐⭐,Economía
bono riesgo pais,Medio,Media,⭐⭐⭐,Economía
Merval indice,Medio,Media,⭐⭐⭐⭐,Bolsa
S&P Merval,Medio,Media,⭐⭐⭐⭐,Bolsa
accionesYPF,Medio,Media,⭐⭐⭐⭐,Bolsa
accionesGALICIA,Medio,Media,⭐⭐⭐⭐,Bolsa
accionesPampa,Medio,Media,⭐⭐⭐⭐,Bolsa
accionesTelecom,Medio,Media,⭐⭐⭐⭐,Bolsa
accionesTenaris,Medio,Media,⭐⭐⭐⭐,Bolsa
accionesAluar,Medio,Media,⭐⭐⭐⭐,Bolsa
accionesTernium,Medio,Media,⭐⭐⭐⭐,Bolsa
accionesBanco Macro,Medio,Media,⭐⭐⭐⭐,Bolsa
accionesGrupo Financiero Galicia,Medio,Media,⭐⭐⭐⭐,Bolsa
accionesSupervielle,Medio,Media,⭐⭐⭐⭐,Bolsa
calculo acciones,Bajo,Baja,⭐⭐⭐,Bolsa
valor accion,Medio,Media,⭐⭐⭐,Bolsa
PER accion,Medio,Media,⭐⭐⭐,Bolsa
calculadora PER,Bajo,Baja,⭐⭐⭐,Bolsa
valor libro accion,Medio,Media,⭐⭐⭐,Bolsa
dividend yield,Medio,Media,⭐⭐⭐⭐,Bolsa
calculadora dividend yield,Bajo,Baja,⭐⭐⭐,Bolsa
rentabilidad historica bolsa,Medio,Media,⭐⭐⭐⭐,Bolsa
volatilidad acciones,Medio,Media,⭐⭐⭐,Bolsa
beta accion,Medio,Media,⭐⭐⭐,Bolsa
calculadora beta,Bajo,Baja,⭐⭐⭐,Bolsa
capital asset pricing model,Bajo,Alta,⭐⭐,Bolsa
CAPM calculadora,Bajo,Baja,⭐⭐,Bolsa
sharpe ratio,Medio,Alta,⭐⭐⭐,Finanzas
calculadora sharpe,Bajo,Baja,⭐⭐⭐,Finanzas
sortino ratio,Medio,Alta,⭐⭐⭐,Finanzas
calculadora sortino,Bajo,Baja,⭐⭐⭐,Finanzas
valor en riesgo VaR,Medio,Alta,⭐⭐⭐,Finanzas
calculadora VaR,Bajo,Baja,⭐⭐⭐,Finanzas
drawdown,Medio,Alta,⭐⭐⭐,Finanzas
max drawdown,Medio,Alta,⭐⭐⭐,Finanzas
calculadora drawdown,Bajo,Baja,⭐⭐⭐,Finanzas
backtesting estrategia,Medio,Alta,⭐⭐⭐,Finanzas
analisis tecnico acciones,Medio,Media,⭐⭐⭐⭐,Bolsa
analisis fundamental acciones,Medio,Media,⭐⭐⭐⭐,Bolsa
velas japonesas,Medio,Media,⭐⭐⭐,Bolsa
soporte resistencia,Medio,Media,⭐⭐⭐,Bolsa
media movil,Medio,Media,⭐⭐⭐,Bolsa
RSI indicador,Medio,Media,⭐⭐⭐,Bolsa
MACD indicador,Medio,Media,⭐⭐⭐,Bolsa
Bollinger Bands,Medio,Media,⭐⭐⭐,Bolsa
Fibonacci retracement,Medio,Media,⭐⭐⭐,Bolsa
patrones velas,Medio,Media,⭐⭐⭐,Bolsa
cabeza hombros,Bajo,Baja,⭐⭐⭐,Bolsa
doble techo,Bajo,Baja,⭐⭐⭐,Bolsa
doble suelo,Bajo,Baja,⭐⭐⭐,Bolsa
triangulo ascendente,Bajo,Baja,⭐⭐⭐,Bolsa
triangulo descendente,Bajo,Baja,⭐⭐⭐,Bolsa
gap alcista,Bajo,Baja,⭐⭐⭐,Bolsa
gap bajista,Bajo,Baja,⭐⭐⭐,Bolsa
trading argentina,Medio,Media,⭐⭐⭐⭐,Bolsa
broker argentina,Medio,Media,⭐⭐⭐⭐,Bolsa
mejor broker argentina,Medio,Media,⭐⭐⭐⭐,Bolsa
comision broker argentina,Medio,Media,⭐⭐⭐⭐,Bolsa
IBMA argentina,Medio,Media,⭐⭐⭐⭐,Bolsa
Rofex argentina,Medio,Media,⭐⭐⭐⭐,Bolsa
BYMA argentina,Medio,Media,⭐⭐⭐⭐,Bolsa
Caja Valores,Medio,Media,⭐⭐⭐,Bolsa
ALyC argentina,Medio,Media,⭐⭐⭐,Bolsa
CNV argentina,Medio,Media,⭐⭐⭐,Bolsa
regulacion mercado argentino,Medio,Media,⭐⭐⭐,Bolsa
impuesto ganancias bolsa,Medio,Media,⭐⭐⭐⭐,Bolsa
declarar acciones afip,Medio,Media,⭐⭐⭐⭐,Bolsa
escritura publica acciones,Bajo,Baja,⭐⭐⭐,Bolsa
certificado deposito acciones,Bajo,Baja,⭐⭐⭐,Bolsa
criptomoneda nacional argentina,Bajo,Alta,⭐⭐,Cripto
peso digital,Bajo,Alta,⭐⭐,Cripto
blockchain argentina,Bajo,Alta,⭐⭐,Cripto
startup blockchain argentina,Bajo,Alta,⭐⭐,Cripto
mineria crypto argentina,Bajo,Alta,⭐⭐,Cripto
electricidad mineria argentina,Bajo,Baja,⭐⭐,Cripto
impuesto mineria crypto,Medio,Media,⭐⭐⭐,Cripto
rentabilidad mineria bitcoin,Bajo,Alta,⭐⭐,Cripto
pool mineria bitcoin,Bajo,Alta,⭐⭐,Cripto
ASIC mineria bitcoin,Bajo,Alta,⭐⭐,Cripto
GPU mineria ethereum,Bajo,Alta,⭐⭐,Cripto
cloud mining,Bajo,Alta,⭐⭐,Cripto
staking ethereum,Medio,Baja,⭐⭐⭐,Cripto
staking usdt,Medio,Baja,⭐⭐⭐,Cripto
APY staking,Medio,Baja,⭐⭐⭐,Cripto
calculadora staking,Bajo,Baja,⭐⭐⭐,Cripto
farming cripto,Medio,Baja,⭐⭐⭐,Cripto
liquidity pool,Medio,Alta,⭐⭐,Cripto
impermanent loss,Medio,Alta,⭐⭐,Cripto
calculadora impermanent loss,Bajo,Baja,⭐⭐,Cripto
DEX argentina,Bajo,Alta,⭐⭐,Cripto
Uniswap argentina,Bajo,Baja,⭐⭐,Cripto
PancakeSwap argentina,Bajo,Baja,⭐⭐,Cripto
Curve argentina,Bajo,Baja,⭐⭐,Cripto
Aave argentina,Bajo,Baja,⭐⭐,Cripto
Compound argentina,Bajo,Baja,⭐⭐,Cripto
prestamos crypto argentina,Medio,Media,⭐⭐⭐,Cripto
prestamos USDT,Medio,Media,⭐⭐⭐,Cripto
prestamos bitcoin,Medio,Media,⭐⭐⭐,Cripto
garantia crypto prestamo,Medio,Media,⭐⭐⭐,Cripto
flash loans,Bajo,Alta,⭐⭐,Cripto
NFT argentina,Medio,Media,⭐⭐⭐,Cripto
comprar NFT argentina,Medio,Media,⭐⭐⭐,Cripto
vender NFT argentina,Medio,Media,⭐⭐⭐,Cripto
mercado NFT argentina,Bajo,Baja,⭐⭐,Cripto
OpenSea argentina,Bajo,Baja,⭐⭐,Cripto
gas fee ethereum,Medio,Media,⭐⭐⭐,Cripto
calculadora gas fee,Bajo,Baja,⭐⭐⭐,Cripto
gwei a pesos,Medio,Baja,⭐⭐⭐,Cripto
Layer 2 ethereum,Medio,Alta,⭐⭐⭐,Cripto
Polygon argentina,Bajo,Baja,⭐⭐,Cripto
Arbitrum argentina,Bajo,Baja,⭐⭐,Cripto
Optimism argentina,Bajo,Baja,⭐⭐,Cripto
zkSyncargentina,Bajo,Baja,⭐⭐,Cripto
cross chain bridge,Medio,Alta,⭐⭐⭐,Cripto
puente crypto argentina,Bajo,Baja,⭐⭐,Cripto
wrapped bitcoin,Medio,Media,⭐⭐⭐,Cripto
WBTC argentina,Bajo,Baja,⭐⭐,Cripto
wETH argentina,Bajo,Baja,⭐⭐,Cripto
stablecoin argentina,Medio,Media,⭐⭐⭐,Cripto
USDT argentina,Medio,Media,⭐⭐⭐⭐,Cripto
USDC argentina,Medio,Media,⭐⭐⭐⭐,Cripto
DAI argentina,Medio,Media,⭐⭐⭐,Cripto
FRAX argentina,Bajo,Baja,⭐⭐,Cripto
UST argentina,Bajo,Baja,⭐⭐,Cripto
depeg stablecoin,Medio,Media,⭐⭐⭐,Cripto
reservas stablecoin,Medio,Media,⭐⭐⭐,Cripto
auditoria smart contract,Bajo,Alta,⭐⭐,Cripto
bug bounty crypto,Bajo,Baja,⭐⭐,Cripto
hack crypto argentina,Medio,Media,⭐⭐⭐,Cripto
rug pull crypto,Medio,Media,⭐⭐⭐,Cripto
scam crypto argentina,Medio,Media,⭐⭐⭐,Cripto
evitar scam crypto,Medio,Baja,⭐⭐⭐⭐,Cripto
seguridad crypto,Medio,Baja,⭐⭐⭐⭐,Cripto
2FA crypto,Medio,Baja,⭐⭐⭐⭐,Cripto
hardware wallet argentina,Medio,Baja,⭐⭐⭐⭐,Cripto
paper wallet,Bajo,Baja,⭐⭐⭐,Cripto
seed phrase,Medio,Baja,⭐⭐⭐⭐,Cripto
recuperar wallet bitcoin,Medio,Baja,⭐⭐⭐⭐,Cripto
perdida clave privada,Medio,Baja,⭐⭐⭐,Cripto
phishing crypto,Medio,Media,⭐⭐⭐⭐,Cripto
sim swap crypto,Bajo,Baja,⭐⭐,Cripto
cryptojacking,Bajo,Baja,⭐⭐,Cripto
